pass;ff;slug;url;perf;a11y;bp;seo;fcp_ms;lcp_ms;cls;tbt_ms;tti_ms;si_ms;ttfb_ms;total_transfer_bytes;requests;benchmark_index;lh_total_ms;loadavg_avant;final_url;run_warnings;runtime_error;json;perturbe
1;desktop;a-propos;https://www.syntheticswarm.ai/a-propos;45;100;96;92;2009.284;2009.284;0.027;1014.574;3491.408;5610.385;296.524;2101819;19;306;69239;42.73/44.74/33.18;https://www.syntheticswarm.ai/a-propos;;;a-propos-desktop-p1.json;
2;desktop;a-propos;https://www.syntheticswarm.ai/a-propos;81;100;96;100;1334.552;2452.063;0.003;0;2454.471;1643;85.48;2101818;19;1898;17899;16.78/22.20/26.91;https://www.syntheticswarm.ai/a-propos;;;a-propos-desktop-p2.json;
3;desktop;a-propos;https://www.syntheticswarm.ai/a-propos;64;100;96;92;1142.983;1142.983;0.027;1123;2418.052;1640.74;144.162;2101820;19;1283;32569;28.67/31.08/33.01;https://www.syntheticswarm.ai/a-propos;;;a-propos-desktop-p3.json;
1;mobile;a-propos;https://www.syntheticswarm.ai/a-propos;53;100;96;100;2718.615;2718.615;0.006;3055.133;6438.548;18284.248;261.909;2101820;19;565;72921;45.47/45.60/32.38;https://www.syntheticswarm.ai/a-propos;;;a-propos-mobile-p1.json;
2;mobile;a-propos;https://www.syntheticswarm.ai/a-propos;49;100;96;100;3016.235;12193.455;0;691.429;12223.6;4914.175;90.115;2101818;19;1398;17799;16.24/22.50/27.11;https://www.syntheticswarm.ai/a-propos;;;a-propos-mobile-p2.json;
3;mobile;a-propos;https://www.syntheticswarm.ai/a-propos;58;100;96;100;2924.451;3812.126;0;1049.67;4223.268;5060.186;59.163;2101819;19;497;28367;28.89/31.35/33.15;https://www.syntheticswarm.ai/a-propos;;;a-propos-mobile-p3.json;
1;desktop;about;https://www.syntheticswarm.ai/about;34;100;96;92;3430.439;3430.439;0.002;836.349;4840.438;12135.659;1400.03;2101504;19;768;105474;48.91/45.34/30.62;https://www.syntheticswarm.ai/about;;;about-desktop-p1.json;
2;desktop;about;https://www.syntheticswarm.ai/about;87;100;96;100;572.175;2067.898;0.002;131;2067.898;1102.174;87.652;2101517;19;1086;17380;21.10/24.56/28.09;https://www.syntheticswarm.ai/about;;;about-desktop-p2.json;
3;desktop;about;https://www.syntheticswarm.ai/about;66;100;96;100;546.96;694.023;0.002;1600.5;2574.391;2024.172;62.374;2101517;19;1693;30216;26.35/31.29/33.20;https://www.syntheticswarm.ai/about;;;about-desktop-p3.json;
1;mobile;about;https://www.syntheticswarm.ai/about;45;100;96;92;5867.374;5867.374;0.018;563.799;6627.173;29111.191;2743.727;2101517;19;596;81330;50.96/44.27/28.80;https://www.syntheticswarm.ai/about;;;about-mobile-p1.json;
2;mobile;about;https://www.syntheticswarm.ai/about;81;100;96;100;2816.828;3867.964;0.018;0;3912.964;4630.429;101.919;2101514;19;1065;15325;22.51/24.98/28.28;https://www.syntheticswarm.ai/about;;;about-mobile-p2.json;
3;mobile;about;https://www.syntheticswarm.ai/about;71;100;96;100;1589.371;1874.251;0.018;2110.755;4040.326;2789.286;54.873;2101517;19;1078;28710;27.28/31.99/33.49;https://www.syntheticswarm.ai/about;;;about-mobile-p3.json;
1;desktop;careers;https://www.syntheticswarm.ai/careers;68;100;96;92;2480.706;2480.706;0;0;2480.706;8727.847;963.798;2323354;20;820;71152;46.34/45.03/34.93;https://www.syntheticswarm.ai/careers;;;careers-desktop-p1.json;
2;desktop;careers;https://www.syntheticswarm.ai/careers;98;100;96;100;863.27;863.27;0;0.971;902.163;1037.797;45.186;2323366;20;2063;22217;18.36/21.99/26.66;https://www.syntheticswarm.ai/careers;;;careers-desktop-p2.json;
3;desktop;careers;https://www.syntheticswarm.ai/careers;55;100;96;100;1835.429;1835.429;0;900.518;2887.397;1934.367;180.441;2323365;20;1150;32199;27.57/30.26/32.59;https://www.syntheticswarm.ai/careers;;;careers-desktop-p3.json;
1;mobile;careers;https://www.syntheticswarm.ai/careers;52;100;96;92;2707.629;2707.629;0;10399.393;13672.472;22067.932;1300.235;2323366;20;476;68206;43.58/44.43/33.96;https://www.syntheticswarm.ai/careers;;;careers-mobile-p1.json;
2;mobile;careers;https://www.syntheticswarm.ai/careers;75;100;96;100;2919.945;4746.544;0;0;4851.544;4579.704;44.494;2323365;20;2087;17341;17.88/22.10/26.77;https://www.syntheticswarm.ai/careers;;;careers-mobile-p2.json;
3;mobile;careers;https://www.syntheticswarm.ai/careers;75;100;96;100;2830.019;4779.965;0;0;4885.722;4570.236;84.956;2323354;20;1615;24325;28.30/30.71/32.81;https://www.syntheticswarm.ai/careers;;;careers-mobile-p3.json;
1;desktop;clients;https://www.syntheticswarm.ai/clients;94;100;93;100;1084.321;1084.321;0.001;0;1084.321;1672.615;77.759;2072989;18;1614;32417;22.78/35.69/34.80;https://www.syntheticswarm.ai/clients;;;clients-desktop-p1.json;oui
2;desktop;clients;https://www.syntheticswarm.ai/clients;98;100;96;100;555.23;646.382;0;105.961;712.191;939.178;53.321;2073942;18;1897;14074;20.10/21.57/25.71;https://www.syntheticswarm.ai/clients;;;clients-desktop-p2.json;
3;desktop;clients;https://www.syntheticswarm.ai/clients;97;100;96;100;928.958;928.958;0.001;0;928.958;1325.655;270.101;2073945;18;1545;26005;25.09/28.00/30.94;https://www.syntheticswarm.ai/clients;;;clients-desktop-p3.json;
1;mobile;clients;https://www.syntheticswarm.ai/clients;82;100;96;100;2919.397;3664.1;0;0;3709.1;4567.85;60.051;2073931;18;1642;18125;22.22/36.50/35.04;https://www.syntheticswarm.ai/clients;;;clients-mobile-p1.json;
2;mobile;clients;https://www.syntheticswarm.ai/clients;91;100;96;100;1650.653;2604.334;0;263.397;2604.334;2016.85;92.128;2073945;18;1019;12221;20.15/21.66/25.81;https://www.syntheticswarm.ai/clients;;;clients-mobile-p2.json;
3;mobile;clients;https://www.syntheticswarm.ai/clients;86;100;96;100;2829.263;3252.271;0;0;3294.572;4481.23;96.974;2073945;18;881;15371;26.10/28.37/31.12;https://www.syntheticswarm.ai/clients;;;clients-mobile-p3.json;
1;desktop;conditions;https://www.syntheticswarm.ai/conditions;94;100;96;100;1137.69;1137.69;0.001;0;1155.911;1345.472;47.692;2071999;16;1072;29745;29.53/29.27/31.73;https://www.syntheticswarm.ai/conditions;;;conditions-desktop-p1.json;
2;desktop;conditions;https://www.syntheticswarm.ai/conditions;100;100;96;100;471.031;471.031;0.001;63.5;704.226;886.862;45.99;2072001;16;1407;17539;20.33/21.80/25.94;https://www.syntheticswarm.ai/conditions;;;conditions-desktop-p2.json;
3;desktop;conditions;https://www.syntheticswarm.ai/conditions;99;100;96;100;771.983;771.983;0.001;0;771.983;942.382;55.679;2071998;16;1667;16438;25.55/26.03/28.92;https://www.syntheticswarm.ai/conditions;;;conditions-desktop-p3.json;
1;mobile;conditions;https://www.syntheticswarm.ai/conditions;91;100;93;100;1692.137;2424.058;0.017;264;2424.058;2941.758;84.425;2069322;16;1292;74871;26.75/29.05/31.88;https://www.syntheticswarm.ai/conditions;;;conditions-mobile-p1.json;oui
2;mobile;conditions;https://www.syntheticswarm.ai/conditions;83;100;96;100;2877.217;3561.388;0;0;3607.362;4474.835;51.774;2071999;16;1537;14404;20.68/21.94/26.08;https://www.syntheticswarm.ai/conditions;;;conditions-mobile-p2.json;
3;mobile;conditions;https://www.syntheticswarm.ai/conditions;99;100;96;100;1608.698;1608.698;0.017;75.5;1824.317;1608.698;75.104;2072000;16;371;17220;26.66/26.25/29.05;https://www.syntheticswarm.ai/conditions;;;conditions-mobile-p3.json;
1;desktop;confidentialite;https://www.syntheticswarm.ai/confidentialite;97;100;96;100;897.077;897.077;0.004;0;897.077;1203.523;83.901;2070113;16;849;24996;25.88/29.71/32.36;https://www.syntheticswarm.ai/confidentialite;;;confidentialite-desktop-p1.json;
2;desktop;confidentialite;https://www.syntheticswarm.ai/confidentialite;97;100;96;100;965.401;989.979;0.003;0;992.437;1021.744;46.008;2070111;16;1970;15275;20.82/22.21/26.39;https://www.syntheticswarm.ai/confidentialite;;;confidentialite-desktop-p2.json;
3;desktop;confidentialite;https://www.syntheticswarm.ai/confidentialite;99;100;96;100;557.899;626.463;0.003;0;626.463;1058.577;114.18;2070113;16;2118;20779;27.72/26.32/29.29;https://www.syntheticswarm.ai/confidentialite;;;confidentialite-desktop-p3.json;
1;mobile;confidentialite;https://www.syntheticswarm.ai/confidentialite;99;100;96;100;1686.872;1686.872;0.013;6.468;1721.487;1686.872;68.364;2070260;16;1504;19795;26.49/30.10/32.55;https://www.syntheticswarm.ai/confidentialite;;;confidentialite-mobile-p1.json;
2;mobile;confidentialite;https://www.syntheticswarm.ai/confidentialite;87;100;96;100;1655.205;1989.622;0.013;441.606;2336.511;2282.536;79.966;2070112;16;2057;12481;22.21/22.54/26.57;https://www.syntheticswarm.ai/confidentialite;;;confidentialite-mobile-p2.json;
3;mobile;confidentialite;https://www.syntheticswarm.ai/confidentialite;89;100;96;100;1752.057;1752.057;0.013;410.5;2401.31;1948.425;42.144;2070113;16;1533;18006;28.77/26.41/29.39;https://www.syntheticswarm.ai/confidentialite;;;confidentialite-mobile-p3.json;
1;desktop;contact;https://www.syntheticswarm.ai/contact;74;100;96;92;2219.58;2219.58;0;39.5;2428.463;2993.844;309.371;2072792;17;599;44432;38.49/42.67/36.46;https://www.syntheticswarm.ai/contact;;;contact-desktop-p1.json;
2;desktop;contact;https://www.syntheticswarm.ai/contact;91;100;96;100;1075.592;1075.592;0;183.039;1312.281;1103.913;84.45;2072792;17;1952;14878;21.08/22.24/26.38;https://www.syntheticswarm.ai/contact;;;contact-desktop-p2.json;
3;desktop;contact;https://www.syntheticswarm.ai/contact;66;100;96;100;873.986;962.496;0;1357.5;2411.109;1730.914;49.586;2072791;17;455;36366;27.06/29.01/31.82;https://www.syntheticswarm.ai/contact;;;contact-desktop-p3.json;
1;mobile;contact;https://www.syntheticswarm.ai/contact;58;100;96;92;2483.94;2483.94;0;3327.661;6591.651;7116.074;144.687;2072781;17;1383;41034;40.42/43.36/36.34;https://www.syntheticswarm.ai/contact;;;contact-mobile-p1.json;
2;mobile;contact;https://www.syntheticswarm.ai/contact;91;100;96;100;1595.15;1595.15;0;350.5;2243.791;2224.218;94.347;2072791;17;1703;14276;21.39/22.37/26.49;https://www.syntheticswarm.ai/contact;;;contact-mobile-p2.json;
3;mobile;contact;https://www.syntheticswarm.ai/contact;63;100;96;100;1892.162;2963.885;0;2886.48;5551.593;3760.717;55.554;2072794;17;1454;26039;28.06/29.41/32.04;https://www.syntheticswarm.ai/contact;;;contact-mobile-p3.json;
1;desktop;contact-fr;https://www.syntheticswarm.ai/contact-fr;87;100;96;100;928.754;2219.69;0;0;2219.69;1037.53;38.287;2072906;17;1895;15004;33.08/40.27/36.11;https://www.syntheticswarm.ai/contact-fr;;;contact-fr-desktop-p1.json;
2;desktop;contact-fr;https://www.syntheticswarm.ai/contact-fr;97;100;96;100;972.596;1036.173;0;0;1036.173;1232.541;53.036;2072905;17;1761;14865;20.59/21.97/26.13;https://www.syntheticswarm.ai/contact-fr;;;contact-fr-desktop-p2.json;
3;desktop;contact-fr;https://www.syntheticswarm.ai/contact-fr;82;96;93;100;838.501;2498.693;0;0;2504.598;1994.335;96.235;2001911;16;158;39765;29.24/29.22/31.70;https://www.syntheticswarm.ai/contact-fr;;;contact-fr-desktop-p3.json;oui
1;mobile;contact-fr;https://www.syntheticswarm.ai/contact-fr;71;100;96;100;1841.341;1859.27;0;1451.794;3685.535;3797.085;46.45;2072906;17;1275;24485;35.59/41.28/36.31;https://www.syntheticswarm.ai/contact-fr;;;contact-fr-mobile-p1.json;
2;mobile;contact-fr;https://www.syntheticswarm.ai/contact-fr;68;100;96;100;2892.596;12136.809;0;0;12136.809;4484.331;44.545;2072903;17;2070;17181;20.56/22.07/26.26;https://www.syntheticswarm.ai/contact-fr;;;contact-fr-mobile-p2.json;
3;mobile;contact-fr;https://www.syntheticswarm.ai/contact-fr;66;100;96;100;2996.154;12311.07;0;0;12311.07;5004.659;42.553;2072906;17;502;26087;28.07/29.00/31.70;https://www.syntheticswarm.ai/contact-fr;;;contact-fr-mobile-p3.json;
1;desktop;customers;https://www.syntheticswarm.ai/customers;99;100;96;100;785.386;785.386;0;0;785.386;874.482;193.552;2073801;18;2234;12601;24.38/37.40/35.31;https://www.syntheticswarm.ai/customers;;;customers-desktop-p1.json;
2;desktop;customers;https://www.syntheticswarm.ai/customers;96;100;96;100;956.864;956.864;0;111.038;1119.302;1015.792;50.744;2073799;18;673;15937;20.33/21.80/25.94;https://www.syntheticswarm.ai/customers;;;customers-desktop-p2.json;
3;desktop;customers;https://www.syntheticswarm.ai/customers;81;100;96;100;905.395;905.395;0;333.667;1374.562;1717.549;165.732;2073801;18;1239;29191;29.36/29.12/31.45;https://www.syntheticswarm.ai/customers;;;customers-desktop-p3.json;
1;mobile;customers;https://www.syntheticswarm.ai/customers;82;100;96;100;2894.71;3667.938;0;0;3712.938;4680.389;43.577;2073797;18;2022;11574;29.08/38.91/35.75;https://www.syntheticswarm.ai/customers;;;customers-mobile-p1.json;
2;mobile;customers;https://www.syntheticswarm.ai/customers;86;100;96;100;2807.124;3242.242;0;0;3268.349;4445.704;76.794;2073798;18;712;13165;21.27/22.04/26.09;https://www.syntheticswarm.ai/customers;;;customers-mobile-p2.json;
3;mobile;customers;https://www.syntheticswarm.ai/customers;88;100;96;100;1619.586;2705.13;0;328.762;2735.13;2299.652;58.578;2073801;18;520;25760;27.53/28.83/31.44;https://www.syntheticswarm.ai/customers;;;customers-mobile-p3.json;
1;desktop;faq;https://www.syntheticswarm.ai/faq;56;100;96;92;6254.525;6463.525;0;0;6463.525;6996.203;337.554;2069903;15;319;67003;45.48/37.99/22.64;https://www.syntheticswarm.ai/faq;;;faq-desktop-p1.json;
2;desktop;faq;https://www.syntheticswarm.ai/faq;98;100;96;100;900.099;925.621;0;15.237;963.472;1153.247;106.177;2069904;15;539;24114;23.79/25.59/28.71;https://www.syntheticswarm.ai/faq;;;faq-desktop-p2.json;
3;desktop;faq;https://www.syntheticswarm.ai/faq;99;100;96;100;837.718;859.266;0;0;861.42;868.739;43.493;2069905;15;2286;10770;20.48/33.01/33.94;https://www.syntheticswarm.ai/faq;;;faq-desktop-p3.json;
1;mobile;faq;https://www.syntheticswarm.ai/faq;57;100;96;100;2472.898;2472.898;0;1886.018;4784.816;18096.7;1042.51;2069903;15;520;65606;40.02/35.41/20.67;https://www.syntheticswarm.ai/faq;;;faq-mobile-p1.json;
2;mobile;faq;https://www.syntheticswarm.ai/faq;79;100;96;100;1581.482;2606.474;0;667.755;2749.767;2391.332;52.927;2069903;15;1386;15098;25.10/25.93/28.87;https://www.syntheticswarm.ai/faq;;;faq-mobile-p2.json;
3;mobile;faq;https://www.syntheticswarm.ai/faq;83;100;96;100;2838.861;3678.652;0;0;3723.652;4454.289;50.299;2069892;15;2128;12765;21.44/33.62/34.15;https://www.syntheticswarm.ai/faq;;;faq-mobile-p3.json;
1;desktop;faq-fr;https://www.syntheticswarm.ai/faq-fr;63;100;96;92;3162.015;3162.015;0.001;0;3162.015;10897.832;238.176;2070109;15;598;89099;44.86/41.12/26.23;https://www.syntheticswarm.ai/faq-fr;;;faq-fr-desktop-p1.json;
2;desktop;faq-fr;https://www.syntheticswarm.ai/faq-fr;99;100;96;100;460.589;628.07;0;86;856.613;789.084;136.457;2070110;15;1774;18478;23.81/25.42/28.51;https://www.syntheticswarm.ai/faq-fr;;;faq-fr-desktop-p2.json;
3;desktop;faq-fr;https://www.syntheticswarm.ai/faq-fr;96;100;96;92;919.826;999.826;0.001;0.087;999.826;1368.306;50.807;2070097;15;1582;34650;23.72/32.15/33.60;https://www.syntheticswarm.ai/faq-fr;;;faq-fr-desktop-p3.json;
1;mobile;faq-fr;https://www.syntheticswarm.ai/faq-fr;57;100;96;92;6623.462;6623.462;0;0;6623.462;21576.866;1052.129;2070109;15;345;77514;46.55/40.09/24.57;https://www.syntheticswarm.ai/faq-fr;;;faq-fr-mobile-p1.json;
2;mobile;faq-fr;https://www.syntheticswarm.ai/faq-fr;82;100;96;100;2871.185;3698.579;0;0;3743.579;4608.249;80.313;2070109;15;784;17122;24.62/25.65/28.63;https://www.syntheticswarm.ai/faq-fr;;;faq-fr-mobile-p2.json;
3;mobile;faq-fr;https://www.syntheticswarm.ai/faq-fr;86;100;96;100;2817.201;3135.42;0;0;3167.243;4463.633;66.076;2070106;15;1914;24594;20.16/32.31/33.70;https://www.syntheticswarm.ai/faq-fr;;;faq-fr-mobile-p3.json;
1;desktop;home-en;https://www.syntheticswarm.ai/;72;100;93;100;2459.375;2459.375;0.002;0;2459.375;2603.007;51.403;2732408;32;1501;42884;10.09/3.13/1.26;https://www.syntheticswarm.ai/;;;home-en-desktop-p1.json;
2;desktop;home-en;https://www.syntheticswarm.ai/;69;100;93;100;512.737;689.265;0.002;1013;1892.167;1631.706;52.174;2729575;32;1322;45864;25.93/27.86/30.78;https://www.syntheticswarm.ai/;;;home-en-desktop-p2.json;oui
3;desktop;home-en;https://www.syntheticswarm.ai/;84;100;93;92;1173.835;1186.894;0.002;114;1679.09;8834.455;1723.411;2732422;32;534;122111;42.85/44.82/33.08;https://www.syntheticswarm.ai/;;;home-en-desktop-p3.json;
1;mobile;home-en;https://www.syntheticswarm.ai/;68;96;93;100;2687.197;15336.186;0;0;15403.686;4772.264;51.937;2732406;32;1237;33411;3.54/1.29/0.62;https://www.syntheticswarm.ai/;;;home-en-mobile-p1.json;
2;mobile;home-en;https://www.syntheticswarm.ai/;44;96;93;100;3305.062;16191.525;0;880.113;16191.525;5481.671;53.29;2732432;32;1205;30994;25.09/28.00/30.94;https://www.syntheticswarm.ai/;;;home-en-mobile-p2.json;
3;mobile;home-en;https://www.syntheticswarm.ai/;46;96;93;92;3386.257;3386.257;0.002;8165.226;12707.383;31776.318;792.772;2732435;32;1172;147100;48.39/45.57/31.09;https://www.syntheticswarm.ai/;;;home-en-mobile-p3.json;
1;desktop;index-fr;https://www.syntheticswarm.ai/index-fr;55;100;93;92;1280.395;1280.395;0;2436.33;4247.325;4169.394;257.119;2732947;32;954;89879;29.70/11.37/4.38;https://www.syntheticswarm.ai/index-fr;;;index-fr-desktop-p1.json;
2;desktop;index-fr;https://www.syntheticswarm.ai/index-fr;78;100;93;100;952.384;1405.414;0;332.754;1509.538;1657.227;87.462;2732948;32;899;49558;20.59/25.95/29.89;https://www.syntheticswarm.ai/index-fr;;;index-fr-desktop-p2.json;
3;desktop;index-fr;https://www.syntheticswarm.ai/index-fr;53;100;93;92;4359.717;6753.841;0.002;137.5;6939.741;11737.834;992.14;2732947;32;491;116481;45.22/45.18/35.93;https://www.syntheticswarm.ai/index-fr;;;index-fr-desktop-p3.json;
1;mobile;index-fr;https://www.syntheticswarm.ai/index-fr;67;96;93;100;1677.856;1677.856;0.002;6114.5;8707.728;4142.633;54.677;2732938;32;1225;56041;17.57/5.91/2.28;https://www.syntheticswarm.ai/index-fr;;;index-fr-mobile-p1.json;
2;mobile;index-fr;https://www.syntheticswarm.ai/index-fr;59;100;93;100;2885.067;15458.027;0;334.608;15525.527;5007.58;95.383;2723328;32;2104;26545;22.86/26.78/30.26;https://www.syntheticswarm.ai/index-fr;;;index-fr-mobile-p2.json;oui
3;mobile;index-fr;https://www.syntheticswarm.ai/index-fr;40;96;93;92;3926.778;3926.778;0.002;5936.148;11519.326;24656.307;302.047;2732948;32;541;113617;44.45/44.62/34.47;https://www.syntheticswarm.ai/index-fr;;;index-fr-mobile-p3.json;
1;desktop;legal-notice;https://www.syntheticswarm.ai/legal-notice;85;100;96;100;1050.693;1050.693;0;268.148;1419.291;1240.286;55.816;2069756;16;1082;26633;26.21/31.61/33.35;https://www.syntheticswarm.ai/legal-notice;;;legal-notice-desktop-p1.json;
2;desktop;legal-notice;https://www.syntheticswarm.ai/legal-notice;96;100;96;100;1060.677;1060.677;0;0;1060.677;1060.677;44.503;2069768;16;1464;15916;16.48/22.05/26.84;https://www.syntheticswarm.ai/legal-notice;;;legal-notice-desktop-p2.json;
3;desktop;legal-notice;https://www.syntheticswarm.ai/legal-notice;94;100;96;100;656.652;746.686;0;184;1017.643;1036.185;50.003;2069770;16;603;25708;20.65/25.61/29.70;https://www.syntheticswarm.ai/legal-notice;;;legal-notice-desktop-p3.json;
1;mobile;legal-notice;https://www.syntheticswarm.ai/legal-notice;95;100;96;100;1945.328;1945.328;0.001;0;1945.328;4668.059;156.394;2069768;16;1532;31204;24.93/31.98/33.53;https://www.syntheticswarm.ai/legal-notice;;;legal-notice-mobile-p1.json;
2;mobile;legal-notice;https://www.syntheticswarm.ai/legal-notice;81;100;96;100;3032.884;3824.844;0;0;3877.344;4534.309;54.299;2069769;16;2129;17907;16.22/22.39/27.05;https://www.syntheticswarm.ai/legal-notice;;;legal-notice-mobile-p2.json;
3;mobile;legal-notice;https://www.syntheticswarm.ai/legal-notice;86;100;96;100;2847;3147;0;0;3177;4635.51;78.094;2069767;16;1297;18096;20.59/25.95/29.89;https://www.syntheticswarm.ai/legal-notice;;;legal-notice-mobile-p3.json;
1;desktop;media;https://www.syntheticswarm.ai/media;98;100;96;100;837.291;860.955;0;0;863.321;923.407;47.043;2068687;15;2108;11207;20.52/33.23/34.02;https://www.syntheticswarm.ai/media;;;media-desktop-p1.json;
2;desktop;media;https://www.syntheticswarm.ai/media;97;100;96;100;976.163;976.163;0;0;976.163;1002.308;58.344;2068687;15;1048;14627;20.38/21.48/25.55;https://www.syntheticswarm.ai/media;;;media-desktop-p2.json;
3;desktop;media;https://www.syntheticswarm.ai/media;94;100;93;100;1062.564;1082.564;0;60.189;1175.403;1597.482;85.118;346228;15;1276;29436;25.49/27.70/30.69;https://www.syntheticswarm.ai/media;;;media-desktop-p3.json;oui
1;mobile;media;https://www.syntheticswarm.ai/media;83;100;96;100;2683.141;3658.215;0;0;3703.215;4470.542;133.229;2068688;15;2121;11929;22.64/34.26/34.36;https://www.syntheticswarm.ai/media;;;media-mobile-p1.json;
2;mobile;media;https://www.syntheticswarm.ai/media;99;100;96;100;1604.842;1604.842;0;0;1604.842;1986.4;77.921;2068686;15;1875;13705;20.44/21.57/25.65;https://www.syntheticswarm.ai/media;;;media-mobile-p2.json;
3;mobile;media;https://www.syntheticswarm.ai/media;99;100;96;100;1636.402;1675.938;0;78.567;1917.641;2206.372;53.432;2068685;15;1535;16370;25.59/27.85/30.81;https://www.syntheticswarm.ai/media;;;media-mobile-p3.json;
1;desktop;medias;https://www.syntheticswarm.ai/medias;97;100;96;100;975.204;975.204;0;0;975.204;1100.481;55.904;2068819;15;920;29582;20.22/32.12/33.63;https://www.syntheticswarm.ai/medias;;;medias-desktop-p1.json;
2;desktop;medias;https://www.syntheticswarm.ai/medias;98;100;96;100;855.329;882.647;0.001;0;885.378;978.834;89.894;2068831;15;1766;11652;17.93/20.82/25.20;https://www.syntheticswarm.ai/medias;;;medias-desktop-p2.json;
3;desktop;medias;https://www.syntheticswarm.ai/medias;88;100;96;100;642.732;1005.613;0;251.11;1117.292;1216.841;62.201;2068832;15;533;14854;21.94/26.46/30.12;https://www.syntheticswarm.ai/medias;;;medias-desktop-p3.json;
1;mobile;medias;https://www.syntheticswarm.ai/medias;87;100;96;100;2845.045;3072.559;0;0;3110.478;4593.811;58.846;2068831;15;2126;14799;19.72/32.65/33.82;https://www.syntheticswarm.ai/medias;;;medias-mobile-p1.json;
2;mobile;medias;https://www.syntheticswarm.ai/medias;82;100;96;100;2866.543;3704.992;0;0;3749.992;4731.99;54.053;2068829;15;2381;12527;19.93/21.33/25.43;https://www.syntheticswarm.ai/medias;;;medias-mobile-p2.json;
3;mobile;medias;https://www.syntheticswarm.ai/medias;83;100;96;100;2897.347;3630.942;0;0;3683.442;4452.201;64.031;2068832;15;2197;14410;23.85/27.10/30.40;https://www.syntheticswarm.ai/medias;;;medias-mobile-p3.json;
1;desktop;mentions-legales;https://www.syntheticswarm.ai/mentions-legales;99;100;96;100;652.904;729.563;0.001;13;874.05;1109.012;172.067;2069842;16;529;26394;29.30/31.40/33.16;https://www.syntheticswarm.ai/mentions-legales;;;mentions-legales-desktop-p1.json;
2;desktop;mentions-legales;https://www.syntheticswarm.ai/mentions-legales;93;100;96;100;1254.755;1254.755;0.001;0;1254.755;1439.461;48.842;2069844;16;2211;18524;18.36/21.99/26.66;https://www.syntheticswarm.ai/mentions-legales;;;mentions-legales-desktop-p2.json;
3;desktop;mentions-legales;https://www.syntheticswarm.ai/mentions-legales;93;100;96;100;1276.034;1276.034;0.001;0;1276.034;1276.034;53.341;2069842;16;1542;18935;24.21/25.73/29.47;https://www.syntheticswarm.ai/mentions-legales;;;mentions-legales-desktop-p3.json;
1;mobile;mentions-legales;https://www.syntheticswarm.ai/mentions-legales;82;100;96;100;2943.161;3630.509;0;0;3681.963;4613.051;51.552;2069845;16;590;24182;25.93/31.03/33.10;https://www.syntheticswarm.ai/mentions-legales;;;mentions-legales-mobile-p1.json;
2;mobile;mentions-legales;https://www.syntheticswarm.ai/mentions-legales;87;100;96;100;3061.084;3247.994;0.006;0;3266.685;3166.629;169.908;2069845;16;959;14161;17.88/22.10/26.77;https://www.syntheticswarm.ai/mentions-legales;;;mentions-legales-mobile-p2.json;
3;mobile;mentions-legales;https://www.syntheticswarm.ai/mentions-legales;99;100;93;100;1638.954;1788.05;0.006;0;1788.05;2695.153;104.884;2068209;16;1931;34381;22.53/25.62/29.57;https://www.syntheticswarm.ai/mentions-legales;;;mentions-legales-mobile-p3.json;oui
1;desktop;notre-solution;https://www.syntheticswarm.ai/notre-solution;61;97;96;100;3658.648;3658.648;0.001;0;3658.648;6075.352;277.977;2081713;19;371;62684;44.14/30.85/14.78;https://www.syntheticswarm.ai/notre-solution;;;notre-solution-desktop-p1.json;
2;desktop;notre-solution;https://www.syntheticswarm.ai/notre-solution;99;97;96;100;673.834;673.834;0.002;22.263;786.398;1007.915;52.27;2081713;19;145;21530;25.90/25.79/29.22;https://www.syntheticswarm.ai/notre-solution;;;notre-solution-desktop-p2.json;
3;desktop;notre-solution;https://www.syntheticswarm.ai/notre-solution;93;97;96;100;1119.726;1119.726;0.002;127.96;1298.436;1256.613;52.155;2081701;19;1855;14591;30.22/39.30/35.86;https://www.syntheticswarm.ai/notre-solution;;;notre-solution-desktop-p3.json;
1;mobile;notre-solution;https://www.syntheticswarm.ai/notre-solution;56;97;96;92;8211.495;8211.495;0.021;0;8211.495;18696.46;999.566;2081710;19;424;79444;38.04/25.79/11.77;https://www.syntheticswarm.ai/notre-solution;;;notre-solution-mobile-p1.json;
2;mobile;notre-solution;https://www.syntheticswarm.ai/notre-solution;87;97;96;100;1722.085;1722.085;0.02;453.977;2552.162;2931.334;214.006;2081714;19;1423;32200;22.77/25.26/29.19;https://www.syntheticswarm.ai/notre-solution;;;notre-solution-mobile-p2.json;
3;mobile;notre-solution;https://www.syntheticswarm.ai/notre-solution;67;97;96;100;3034.114;12276.354;0.018;0;12283.854;4685.276;107.506;2081714;19;1268;17264;34.04/40.58/36.19;https://www.syntheticswarm.ai/notre-solution;;;notre-solution-mobile-p3.json;
1;desktop;opposition;https://www.syntheticswarm.ai/opposition;90;100;96;100;1451.868;1451.868;0;0;1451.868;1553.824;61.93;2070029;16;1174;16901;25.85/28.28/31.07;https://www.syntheticswarm.ai/opposition;;;opposition-desktop-p1.json;
2;desktop;opposition;https://www.syntheticswarm.ai/opposition;92;100;96;100;1082.76;1082.76;0;166.894;1301.704;1082.76;49.34;2070029;16;1295;14331;20.38/21.48/25.55;https://www.syntheticswarm.ai/opposition;;;opposition-desktop-p2.json;
3;desktop;opposition;https://www.syntheticswarm.ai/opposition;80;100;96;100;942.077;942.077;0;384.554;1452.781;1248.213;76.965;2070028;16;1377;18337;22.96/25.15/28.37;https://www.syntheticswarm.ai/opposition;;;opposition-desktop-p3.json;
1;mobile;opposition;https://www.syntheticswarm.ai/opposition;83;100;96;100;3070.626;3429.842;0;0;3465.764;4567.315;49.656;2070026;16;1022;20333;28.74/29.00/31.38;https://www.syntheticswarm.ai/opposition;;;opposition-mobile-p1.json;
2;mobile;opposition;https://www.syntheticswarm.ai/opposition;82;100;96;100;2902.199;3724.074;0;0;3769.074;4403.076;57.143;2070027;16;788;12446;20.44/21.57/25.65;https://www.syntheticswarm.ai/opposition;;;opposition-mobile-p2.json;
3;mobile;opposition;https://www.syntheticswarm.ai/opposition;88;100;96;100;2819.556;3204.267;0.006;0;3224.994;3309.757;636.944;2070026;16;1513;17563;24.23/25.53/28.56;https://www.syntheticswarm.ai/opposition;;;opposition-mobile-p3.json;
1;desktop;opt-out;https://www.syntheticswarm.ai/opt-out;71;100;96;100;653.875;684.966;0;741.947;1631.672;1553.046;86.329;2069884;16;1243;34813;27.53/28.78/31.40;https://www.syntheticswarm.ai/opt-out;;;opt-out-desktop-p1.json;
2;desktop;opt-out;https://www.syntheticswarm.ai/opt-out;94;100;96;100;1113.166;1113.166;0;0;1113.166;1470.819;79.723;2069882;16;1382;14184;20.10/21.57/25.71;https://www.syntheticswarm.ai/opt-out;;;opt-out-desktop-p2.json;
3;desktop;opt-out;https://www.syntheticswarm.ai/opt-out;85;100;96;100;1008.127;1008.127;0;283;1378.089;1347.369;56.529;2069871;16;724;20824;24.63/25.70/28.70;https://www.syntheticswarm.ai/opt-out;;;opt-out-desktop-p3.json;
1;mobile;opt-out;https://www.syntheticswarm.ai/opt-out;81;100;96;100;1627.494;2059.48;0.001;697;2597.34;2278.898;60.312;2069881;16;1941;21254;28.76/29.13/31.59;https://www.syntheticswarm.ai/opt-out;;;opt-out-mobile-p1.json;
2;mobile;opt-out;https://www.syntheticswarm.ai/opt-out;83;100;96;100;2643.54;3661.586;0;0;3706.586;4541.368;115.372;2069882;16;761;14021;20.25/21.71/25.85;https://www.syntheticswarm.ai/opt-out;;;opt-out-mobile-p2.json;
3;mobile;opt-out;https://www.syntheticswarm.ai/opt-out;82;100;96;100;2898.109;3748.07;0;0;3793.531;4471.378;51.254;2069883;16;1530;15895;23.79/25.59/28.71;https://www.syntheticswarm.ai/opt-out;;;opt-out-mobile-p3.json;
1;desktop;our-solution;https://www.syntheticswarm.ai/our-solution;63;97;96;100;3190.646;3204.646;0.002;0;3204.646;5702.884;496.854;2081407;19;371;60904;37.56/22.60/9.79;https://www.syntheticswarm.ai/our-solution;;;our-solution-desktop-p1.json;
2;desktop;our-solution;https://www.syntheticswarm.ai/our-solution;82;97;96;100;1100.457;2593.018;0.002;38.122;2593.018;1602.62;57.429;2081405;19;1013;30141;24.21/25.73/29.47;https://www.syntheticswarm.ai/our-solution;;;our-solution-desktop-p2.json;
3;desktop;our-solution;https://www.syntheticswarm.ai/our-solution;61;97;96;100;995.003;1050.026;0.003;1882.998;3481.752;2412.934;166.108;2081408;19;822;50202;36.55/42.05/36.35;https://www.syntheticswarm.ai/our-solution;;;our-solution-desktop-p3.json;
1;mobile;our-solution;https://www.syntheticswarm.ai/our-solution;51;97;96;92;3556.914;3649.914;0.021;1274.043;5312.507;7984.106;871.745;2081407;19;725;60773;36.49/18.79/7.72;https://www.syntheticswarm.ai/our-solution;;;our-solution-mobile-p1.json;
2;mobile;our-solution;https://www.syntheticswarm.ai/our-solution;90;97;96;100;2150.889;2150.889;0.003;259.855;2962.686;3652.079;82.061;2081406;19;1695;28814;23.21/25.71/29.58;https://www.syntheticswarm.ai/our-solution;;;our-solution-mobile-p2.json;
3;mobile;our-solution;https://www.syntheticswarm.ai/our-solution;57;97;96;100;2635.392;2787.392;0.021;1599.804;4850.246;9795.859;554.246;2081394;19;944;47757;41.02/43.44/36.41;https://www.syntheticswarm.ai/our-solution;;;our-solution-mobile-p3.json;
1;desktop;pricing;https://www.syntheticswarm.ai/pricing;66;95;93;100;1224.103;1224.103;0;584.235;2036.238;2270.491;342.088;2074192;17;1130;42310;38.60/33.10/17.33;https://www.syntheticswarm.ai/pricing;;;pricing-desktop-p1.json;
2;desktop;pricing;https://www.syntheticswarm.ai/pricing;71;95;93;100;554.977;554.977;0;904.938;1817.665;1307.842;65.422;2074192;17;1246;22553;27.00/26.29/29.22;https://www.syntheticswarm.ai/pricing;;;pricing-desktop-p2.json;
3;desktop;pricing;https://www.syntheticswarm.ai/pricing;95;95;93;100;1104.057;1104.057;0;0;1104.057;1214.059;92.763;2074180;17;1668;19895;22.22/36.50/35.04;https://www.syntheticswarm.ai/pricing;;;pricing-desktop-p3.json;
1;mobile;pricing;https://www.syntheticswarm.ai/pricing;78;95;93;100;3514.977;3514.977;0.003;0;3514.977;6420.638;721.835;2074191;17;433;32693;40.74/32.75/16.62;https://www.syntheticswarm.ai/pricing;;;pricing-mobile-p1.json;
2;mobile;pricing;https://www.syntheticswarm.ai/pricing;81;95;93;100;3107.699;3659.025;0;0;3704.105;4952.854;59.464;2074193;17;1399;20225;27.96/26.34/29.32;https://www.syntheticswarm.ai/pricing;;;pricing-mobile-p2.json;
3;mobile;pricing;https://www.syntheticswarm.ai/pricing;86;95;93;100;2760.505;3166.58;0;0;3207.188;4851.458;79.673;2074344;17;1934;13263;26.07/37.95/35.47;https://www.syntheticswarm.ai/pricing;;;pricing-mobile-p3.json;
1;desktop;privacy;https://www.syntheticswarm.ai/privacy;97;100;96;100;911.997;951.997;0;57.537;1024.872;1243.466;205.822;2069907;16;1238;23090;28.30/30.71/32.81;https://www.syntheticswarm.ai/privacy;;;privacy-desktop-p1.json;
2;desktop;privacy;https://www.syntheticswarm.ai/privacy;99;100;96;100;607.832;607.832;0;45.673;704.205;996.168;67.1;2069904;16;1404;18892;21.71/22.49/26.64;https://www.syntheticswarm.ai/privacy;;;privacy-desktop-p2.json;
3;desktop;privacy;https://www.syntheticswarm.ai/privacy;93;100;96;100;795.66;836.802;0;181.04;1077.449;1162.228;118.495;2069907;16;969;21718;23.54/25.34/29.14;https://www.syntheticswarm.ai/privacy;;;privacy-desktop-p3.json;
1;mobile;privacy;https://www.syntheticswarm.ai/privacy;68;100;96;100;4468.561;4715.898;0;0;4740.632;6663.941;159.768;2069907;16;631;27630;28.62/31.03/32.98;https://www.syntheticswarm.ai/privacy;;;privacy-mobile-p1.json;
2;mobile;privacy;https://www.syntheticswarm.ai/privacy;89;100;96;100;2106.598;2106.598;0;345.486;2712.184;2425.696;93.045;2069905;16;493;15286;21.05/22.42/26.71;https://www.syntheticswarm.ai/privacy;;;privacy-mobile-p2.json;
3;mobile;privacy;https://www.syntheticswarm.ai/privacy;89;100;96;100;2996.868;2996.868;0;0;2996.868;2996.868;46.458;2069894;16;1469;26794;23.65/25.51/29.31;https://www.syntheticswarm.ai/privacy;;;privacy-mobile-p3.json;
1;desktop;recrutement;https://www.syntheticswarm.ai/recrutement;74;100;96;100;2210.178;2210.178;0.001;0;2210.178;2936.107;233.794;2322484;20;727;47805;42.32/44.16/36.20;https://www.syntheticswarm.ai/recrutement;;;recrutement-desktop-p1.json;oui
2;desktop;recrutement;https://www.syntheticswarm.ai/recrutement;97;100;96;100;894.113;968.006;0;19;1004.854;1065.727;47.308;2323601;20;1737;16406;21.01/22.33/26.56;https://www.syntheticswarm.ai/recrutement;;;recrutement-desktop-p2.json;
3;desktop;recrutement;https://www.syntheticswarm.ai/recrutement;86;100;96;100;1598.259;1598.259;0.001;0;1598.259;1817.659;56.36;2323601;20;565;30103;26.59/29.38/32.13;https://www.syntheticswarm.ai/recrutement;;;recrutement-desktop-p3.json;
1;mobile;recrutement;https://www.syntheticswarm.ai/recrutement;68;100;96;92;3557.497;3557.497;0.003;299.632;4366.434;11381.533;342.529;2323600;20;437;70828;46.92/45.49/35.93;https://www.syntheticswarm.ai/recrutement;;;recrutement-mobile-p1.json;
2;mobile;recrutement;https://www.syntheticswarm.ai/recrutement;52;100;96;100;2973.144;4974.103;0;938.858;5082.514;4871.868;71.831;2323601;20;792;18916;21.21/22.43/26.69;https://www.syntheticswarm.ai/recrutement;;;recrutement-mobile-p2.json;
3;mobile;recrutement;https://www.syntheticswarm.ai/recrutement;74;100;96;100;1616.017;3367.642;0.003;669.518;3367.642;3073.628;142.911;2323601;20;734;25954;26.00/29.56/32.27;https://www.syntheticswarm.ai/recrutement;;;recrutement-mobile-p3.json;
1;desktop;tarifs;https://www.syntheticswarm.ai/tarifs;51;95;93;92;1532.305;1532.305;0.001;1314.5;3373.684;4763.623;488.347;2074389;17;1206;53757;37.66/34.16/19.32;https://www.syntheticswarm.ai/tarifs;;;tarifs-desktop-p1.json;
2;desktop;tarifs;https://www.syntheticswarm.ai/tarifs;67;95;93;100;573.731;713.758;0.001;1635.648;2683.529;1698.569;51.495;2074400;17;1117;25310;25.76/26.07/29.01;https://www.syntheticswarm.ai/tarifs;;;tarifs-desktop-p2.json;
3;desktop;tarifs;https://www.syntheticswarm.ai/tarifs;76;95;93;100;493.714;552.88;0.001;618.584;1533.948;941.982;59.546;2074389;17;749;13315;23.23/34.76/34.52;https://www.syntheticswarm.ai/tarifs;;;tarifs-desktop-p3.json;
1;mobile;tarifs;https://www.syntheticswarm.ai/tarifs;77;95;93;92;2949.627;2949.627;0;217;3513.774;10799.089;758.249;2074387;17;1519;48143;37.20/33.54/18.31;https://www.syntheticswarm.ai/tarifs;;;tarifs-mobile-p1.json;
2;mobile;tarifs;https://www.syntheticswarm.ai/tarifs;81;95;93;100;2901.439;3770.591;0;0;3825.726;4624.041;48.788;2074403;17;1554;19736;26.47/26.23/29.12;https://www.syntheticswarm.ai/tarifs;;;tarifs-mobile-p2.json;
3;mobile;tarifs;https://www.syntheticswarm.ai/tarifs;83;95;93;100;2468.772;2468.772;0.015;425.5;3108.77;3246.415;60.566;2074400;17;1372;25374;22.78/35.69/34.80;https://www.syntheticswarm.ai/tarifs;;;tarifs-mobile-p3.json;
1;desktop;terms;https://www.syntheticswarm.ai/terms;96;100;96;100;1043.437;1043.437;0.008;0;1043.437;1279.459;106.293;2071594;16;381;28984;26.83/29.28/32.06;https://www.syntheticswarm.ai/terms;;;terms-desktop-p1.json;
2;desktop;terms;https://www.syntheticswarm.ai/terms;92;100;96;100;495.531;682.928;0.008;221;921.564;867.78;42.867;2071591;16;1009;17719;20.12/21.91/26.14;https://www.syntheticswarm.ai/terms;;;terms-desktop-p2.json;
3;desktop;terms;https://www.syntheticswarm.ai/terms;89;100;96;100;899.578;899.578;0.008;245.982;1197.91;1059.765;153.842;2071594;16;1148;21747;26.47/26.23/29.12;https://www.syntheticswarm.ai/terms;;;terms-desktop-p3.json;
1;mobile;terms;https://www.syntheticswarm.ai/terms;81;100;96;100;3095.665;3697.923;0.001;0;3742.776;4716.258;47.899;2071594;16;418;23023;25.95/29.36/32.16;https://www.syntheticswarm.ai/terms;;;terms-mobile-p1.json;
2;mobile;terms;https://www.syntheticswarm.ai/terms;83;100;96;100;2817.271;3674.68;0;0;3719.68;4370.905;46.516;2071591;16;1044;14720;20.95/22.18/26.31;https://www.syntheticswarm.ai/terms;;;terms-mobile-p2.json;
3;mobile;terms;https://www.syntheticswarm.ai/terms;95;100;96;100;1626.216;1626.216;0.001;218.452;1948.168;2082.232;62.912;2071592;16;1126;17006;26.84/26.27/29.20;https://www.syntheticswarm.ai/terms;;;terms-mobile-p3.json;
